ID,Nombre,Tamaño,Color,Caracteristica,Comportamiento,Fotos,Videos,Fecha,Lugar,Avistamientos
0,Aliso,30,verde,con aroma,cerca de rios,"foto1.jpg, foto2.jpg",videos1.mp4,2024-05-01,Boyacá - Tuta,500
1,A Aliso,30,negro verde,con flores,cerca de rios,"foto1.jpg, foto2.jpg",videos1.mp4,2024-04-01,Boyacá - Tuta,100
2,B Aliso,30,verde amarillo,espinas,laderas,"foto1.jpg, foto2.jpg","videos1.mp4, videos2.mp4",2024-01-01,Boyacá - Tuta,200
3,C Aliso,30,gris verdoso,seco,semi desierto,"foto1.jpg, foto2.jpg","videos1.mp4, videos2.mp4",2024-02-05,Boyacá - Tuta,1000
4,D Aliso,30,blanco negro verde,frondoso,con flores de temporada,"foto1.jpg, foto2.jpg","videos1.mp4, videos2.mp4",2024-06-07,Boyacá - Tuta,600
5,E Aliso,30,verde,grande,normal,"foto1.jpg, foto2.jpg","videos1.mp4, videos2.mp4",2024-06-07,Boyacá - Tuta,600
